CON_ID,NAME,AREA,POPULATION,x,y,WIDTH,HEIGHT
1,East,350,128000,0.0,0.0,43.75,8.0
2,West,230,152000,43.75,0.0,-16.59659090909091,-13.858267716535433
3,North,210,95000,27.15340909090909,0.0,-15.15340909090909,-13.858267716535433
4,South,230,110000,43.75,-13.858267716535433,-15.875000000000002,-14.488188976377952
5,North-East,110,102000,27.875,-13.858267716535433,-7.592391304347826,-14.488188976377952
6,South-East,120,118000,20.282608695652172,-13.858267716535433,-8.282608695652174,-14.488188976377952
7,North-West,130,88000,43.75,-28.346456692913385,-14.741071428571429,-8.818897637795276
8,South-West,150,99000,29.00892857142857,-28.346456692913385,-17.00892857142857,-8.818897637795276
