CON_ID,NAME,AREA,POPULATION,x,y,WIDTH,HEIGHT
1,East,350,128000,0.0,0.0,13.8,25.362318840579707
2,West,230,152000,0.0,25.362318840579707,13.8,16.666666666666664
3,North,210,95000,0.0,42.028985507246375,13.8,15.217391304347826
4,South,230,110000,0.0,57.2463768115942,13.8,16.666666666666664
5,North-East,110,102000,0.0,73.91304347826087,13.8,7.971014492753623
6,South-East,120,118000,0.0,81.8840579710145,13.8,8.695652173913043
7,North-West,130,88000,0.0,90.57971014492755,13.8,9.420289855072463
8,South-West,150,99000,13.8,0.0,86.2,1.740139211136891
