CON_ID,NAME,AREA,POPULATION,x,y,WIDTH,HEIGHT
1,East,350,128000,0.0,0.0,37.908496732026144,60.34482758620689
2,West,230,152000,0.0,60.34482758620689,37.908496732026144,39.6551724137931
3,North,210,95000,37.908496732026144,0.0,29.63458110516934,46.31578947368421
4,South,230,110000,67.54307783719548,0.0,32.45692216280452,46.31578947368421
5,North-East,110,102000,37.908496732026144,46.31578947368421,28.002050493399977,25.675057208237984
6,South-East,120,118000,37.908496732026144,71.99084668192219,28.002050493399977,28.009153318077804
7,North-West,130,88000,65.91054722542611,46.31578947368421,34.08945277457388,24.92481203007519
8,South-West,150,99000,65.91054722542611,71.24060150375941,34.089452774573886,28.759398496240596
